-- ================================================================
-- SEED: Ofertas Hipotecarias — Ofertas, Reglas, Condiciones y Parametros
-- Fuente: doc/offers-settings.md
-- Fecha base de vigencia: 2026-01-01
--
-- Convenciones:
--   · LTV almacenado como ratio decimal (0.80 = 80 %)
--   · Plazo en ANOS (5, 30, 31, 40)
--   · INGRESO_T1_NM = T1.Ingresos * T1.NumPagas / 14
--   · EDAD_MAX_NM = max(edadT1, edadT2); edadT2=0 si NUM_TITULARES_NM=1
--   · FIELD:<campo> referencia otro campo del contexto de entrada
--   · Nomenclatura MRO: _NM (numero), _FL (booleano), _CD (codigo)
--
-- Patron de inversion (De Morgan):
--   Las reglas detectan RECHAZO, no elegibilidad.
--   Las condiciones positivas del spec se niegan para encodar el rechazo.
--   INIT_RECHAZADA_FL / PRE_RECHAZADA_FL acumulan el estado de rechazo;
--   la regla de decision comprueba IS_FALSE y escribe INIT/PRE_ELEGIBLE_FL.
--
-- Ejecucion: dos batches separados por GO.
--   Batch 1 — define procedimiento temporal #ins_joven_rules
--   Batch 2 — limpia, inserta ofertas/params y llama al procedimiento
-- ================================================================

-- ================================================================
-- BATCH 1: Procedimiento reutilizable para las 5 ofertas distintas de FIDELIZACION
--   Parametros OUTPUT: @ruleId, @condId, @actnId
--   Permite que los contadores sean continuos entre llamadas sucesivas.
-- ================================================================
CREATE OR ALTER PROCEDURE #ins_joven_rules
  @rs        INT,
  @offerCode NVARCHAR(50),
  @ruleId    INT OUTPUT,
  @condId    INT OUTPUT,
  @actnId    INT OUTPUT
AS
BEGIN
  SET NOCOUNT ON;
  DECLARE @VF   DATE        = '2026-01-01';
  DECLARE @code NVARCHAR(50) = @offerCode COLLATE DATABASE_DEFAULT;
  DECLARE @r    INT;

  -- ──────────────────────────────────────────────────────────────
  -- FASE INIT — Reglas de rechazo
  -- ──────────────────────────────────────────────────────────────

  -- R1. neg. Antiguedad / Domiciliacion
  SET @ruleId += 1; SET @r = @ruleId;
  INSERT INTO dbo.MRO_MOTORREGLA (MOTORREGLA_ID,MOTOROFERTA_ID,MOTORREGLA_DS,PRIORIDAD_NM,BORRADO_FL,VIGENCIA_DESDE_DT,VIGENCIA_HASTA_DT,PARAR_PROCESO_FL)
  VALUES (@r,@rs,N'INIT Rechazo: neg. Antiguedad/Domiciliacion',1000,0,@VF,NULL,0);
  SET @condId += 1; INSERT INTO dbo.MRO_MOTORCONDICION (MOTORCONDICION_ID,MOTORREGLA_ID,GRUPO_CONDICION_CD,CAMPO_CD,OPERADOR_CD,TIPO_VALOR_CD,VALOR1_DS,VALOR2_DS) VALUES (@condId,@r,'0','stage',                 'EQ',      'STRING','INIT',                 NULL);
  SET @condId += 1; INSERT INTO dbo.MRO_MOTORCONDICION (MOTORCONDICION_ID,MOTORREGLA_ID,GRUPO_CONDICION_CD,CAMPO_CD,OPERADOR_CD,TIPO_VALOR_CD,VALOR1_DS,VALOR2_DS) VALUES (@condId,@r,'0','ANTIGUEDAD_T1_NM',      'LE',      'NUMBER','PARAM:MIN_ANTIGUEDAD', NULL);
  SET @condId += 1; INSERT INTO dbo.MRO_MOTORCONDICION (MOTORCONDICION_ID,MOTORREGLA_ID,GRUPO_CONDICION_CD,CAMPO_CD,OPERADOR_CD,TIPO_VALOR_CD,VALOR1_DS,VALOR2_DS) VALUES (@condId,@r,'0','DOMICILIA_NOMINA_T1_FL','IS_FALSE','BOOL',  '',                    NULL);
  SET @condId += 1; INSERT INTO dbo.MRO_MOTORCONDICION (MOTORCONDICION_ID,MOTORREGLA_ID,GRUPO_CONDICION_CD,CAMPO_CD,OPERADOR_CD,TIPO_VALOR_CD,VALOR1_DS,VALOR2_DS) VALUES (@condId,@r,'1','stage',                 'EQ',      'STRING','INIT',                 NULL);
  SET @condId += 1; INSERT INTO dbo.MRO_MOTORCONDICION (MOTORCONDICION_ID,MOTORREGLA_ID,GRUPO_CONDICION_CD,CAMPO_CD,OPERADOR_CD,TIPO_VALOR_CD,VALOR1_DS,VALOR2_DS) VALUES (@condId,@r,'1','ANTIGUEDAD_T2_NM',      'LE',      'NUMBER','PARAM:MIN_ANTIGUEDAD', NULL);
  SET @condId += 1; INSERT INTO dbo.MRO_MOTORCONDICION (MOTORCONDICION_ID,MOTORREGLA_ID,GRUPO_CONDICION_CD,CAMPO_CD,OPERADOR_CD,TIPO_VALOR_CD,VALOR1_DS,VALOR2_DS) VALUES (@condId,@r,'1','DOMICILIA_NOMINA_T2_FL','IS_FALSE','BOOL',  '',                    NULL);
  SET @actnId += 1; INSERT INTO dbo.MRO_MOTORACCION (MOTORACCION_ID,MOTORREGLA_ID,TIPO_ACCION_CD,CAMPO_CD,VALOR_DS,TIPO_VALOR_CD) VALUES (@actnId,@r,'SET',   'INIT_RECHAZADA_FL','true',                 'BOOL');
  SET @actnId += 1; INSERT INTO dbo.MRO_MOTORACCION (MOTORACCION_ID,MOTORREGLA_ID,TIPO_ACCION_CD,CAMPO_CD,VALOR_DS,TIPO_VALOR_CD) VALUES (@actnId,@r,'APPEND','MOTIVOS',           '{"code":"ANTIGUEDAD"}','JSON');

  -- R2. TIPO_ALTA_CD NOT IN TIPO_ALTA_ADMITIDAS
  SET @ruleId += 1; SET @r = @ruleId;
  INSERT INTO dbo.MRO_MOTORREGLA (MOTORREGLA_ID,MOTOROFERTA_ID,MOTORREGLA_DS,PRIORIDAD_NM,BORRADO_FL,VIGENCIA_DESDE_DT,VIGENCIA_HASTA_DT,PARAR_PROCESO_FL)
  VALUES (@r,@rs,N'INIT Rechazo: Tipo de alta no admitido',970,0,@VF,NULL,1);
  SET @condId += 1; INSERT INTO dbo.MRO_MOTORCONDICION (MOTORCONDICION_ID,MOTORREGLA_ID,GRUPO_CONDICION_CD,CAMPO_CD,OPERADOR_CD,TIPO_VALOR_CD,VALOR1_DS,VALOR2_DS) VALUES (@condId,@r,'0','stage',       'EQ',    'STRING','INIT',                     NULL);
  SET @condId += 1; INSERT INTO dbo.MRO_MOTORCONDICION (MOTORCONDICION_ID,MOTORREGLA_ID,GRUPO_CONDICION_CD,CAMPO_CD,OPERADOR_CD,TIPO_VALOR_CD,VALOR1_DS,VALOR2_DS) VALUES (@condId,@r,'0','TIPO_ALTA_CD','NOT_IN','STRING','PARAM:TIPO_ALTA_ADMITIDAS',NULL);
  SET @actnId += 1; INSERT INTO dbo.MRO_MOTORACCION (MOTORACCION_ID,MOTORREGLA_ID,TIPO_ACCION_CD,CAMPO_CD,VALOR_DS,TIPO_VALOR_CD) VALUES (@actnId,@r,'SET',   'INIT_RECHAZADA_FL','true',                'BOOL');
  SET @actnId += 1; INSERT INTO dbo.MRO_MOTORACCION (MOTORACCION_ID,MOTORREGLA_ID,TIPO_ACCION_CD,CAMPO_CD,VALOR_DS,TIPO_VALOR_CD) VALUES (@actnId,@r,'APPEND','MOTIVOS',           '{"code":"TIPO_ALTA"}','JSON');

  -- R3. FINALIDAD_CD <> 15
  SET @ruleId += 1; SET @r = @ruleId;
  INSERT INTO dbo.MRO_MOTORREGLA (MOTORREGLA_ID,MOTOROFERTA_ID,MOTORREGLA_DS,PRIORIDAD_NM,BORRADO_FL,VIGENCIA_DESDE_DT,VIGENCIA_HASTA_DT,PARAR_PROCESO_FL)
  VALUES (@r,@rs,N'INIT Rechazo: Finalidad diferente de 15 (no primera vivienda)',960,0,@VF,NULL,1);
  SET @condId += 1; INSERT INTO dbo.MRO_MOTORCONDICION (MOTORCONDICION_ID,MOTORREGLA_ID,GRUPO_CONDICION_CD,CAMPO_CD,OPERADOR_CD,TIPO_VALOR_CD,VALOR1_DS,VALOR2_DS) VALUES (@condId,@r,'0','stage',       'EQ','STRING','INIT',NULL);
  SET @condId += 1; INSERT INTO dbo.MRO_MOTORCONDICION (MOTORCONDICION_ID,MOTORREGLA_ID,GRUPO_CONDICION_CD,CAMPO_CD,OPERADOR_CD,TIPO_VALOR_CD,VALOR1_DS,VALOR2_DS) VALUES (@condId,@r,'0','FINALIDAD_CD','NE','NUMBER','15',  NULL);
  SET @actnId += 1; INSERT INTO dbo.MRO_MOTORACCION (MOTORACCION_ID,MOTORREGLA_ID,TIPO_ACCION_CD,CAMPO_CD,VALOR_DS,TIPO_VALOR_CD) VALUES (@actnId,@r,'SET',   'INIT_RECHAZADA_FL','true',                 'BOOL');
  SET @actnId += 1; INSERT INTO dbo.MRO_MOTORACCION (MOTORACCION_ID,MOTORREGLA_ID,TIPO_ACCION_CD,CAMPO_CD,VALOR_DS,TIPO_VALOR_CD) VALUES (@actnId,@r,'APPEND','MOTIVOS',           '{"code":"FINALIDAD"}', 'JSON');

  -- R4. PRIMERA_VIVIENDA_HABITUAL_FL <> 0
  SET @ruleId += 1; SET @r = @ruleId;
  INSERT INTO dbo.MRO_MOTORREGLA (MOTORREGLA_ID,MOTOROFERTA_ID,MOTORREGLA_DS,PRIORIDAD_NM,BORRADO_FL,VIGENCIA_DESDE_DT,VIGENCIA_HASTA_DT,PARAR_PROCESO_FL)
  VALUES (@r,@rs,N'INIT Rechazo: Tiene otras propiedades',950,0,@VF,NULL,0);
  SET @condId += 1; INSERT INTO dbo.MRO_MOTORCONDICION (MOTORCONDICION_ID,MOTORREGLA_ID,GRUPO_CONDICION_CD,CAMPO_CD,OPERADOR_CD,TIPO_VALOR_CD,VALOR1_DS,VALOR2_DS) VALUES (@condId,@r,'0','stage',               'EQ','STRING','INIT',NULL);
  SET @condId += 1; INSERT INTO dbo.MRO_MOTORCONDICION (MOTORCONDICION_ID,MOTORREGLA_ID,GRUPO_CONDICION_CD,CAMPO_CD,OPERADOR_CD,TIPO_VALOR_CD,VALOR1_DS,VALOR2_DS) VALUES (@condId,@r,'0','PRIMERA_VIVIENDA_HABITUAL_FL','NE','NUMBER','0',   NULL);
  SET @actnId += 1; INSERT INTO dbo.MRO_MOTORACCION (MOTORACCION_ID,MOTORREGLA_ID,TIPO_ACCION_CD,CAMPO_CD,VALOR_DS,TIPO_VALOR_CD) VALUES (@actnId,@r,'SET',   'INIT_RECHAZADA_FL','true',                        'BOOL');
  SET @actnId += 1; INSERT INTO dbo.MRO_MOTORACCION (MOTORACCION_ID,MOTORREGLA_ID,TIPO_ACCION_CD,CAMPO_CD,VALOR_DS,TIPO_VALOR_CD) VALUES (@actnId,@r,'APPEND','MOTIVOS',           '{"code":"OTRAS_PROPIEDADES"}','JSON');

  -- R5. EDAD_MAX_NM >= MAX_EDAD
  SET @ruleId += 1; SET @r = @ruleId;
  INSERT INTO dbo.MRO_MOTORREGLA (MOTORREGLA_ID,MOTOROFERTA_ID,MOTORREGLA_DS,PRIORIDAD_NM,BORRADO_FL,VIGENCIA_DESDE_DT,VIGENCIA_HASTA_DT,PARAR_PROCESO_FL)
  VALUES (@r,@rs,N'INIT Rechazo: EDAD_MAX_NM >= MAX_EDAD',940,0,@VF,NULL,0);
  SET @condId += 1; INSERT INTO dbo.MRO_MOTORCONDICION (MOTORCONDICION_ID,MOTORREGLA_ID,GRUPO_CONDICION_CD,CAMPO_CD,OPERADOR_CD,TIPO_VALOR_CD,VALOR1_DS,VALOR2_DS) VALUES (@condId,@r,'0','stage',      'EQ','STRING','INIT',           NULL);
  SET @condId += 1; INSERT INTO dbo.MRO_MOTORCONDICION (MOTORCONDICION_ID,MOTORREGLA_ID,GRUPO_CONDICION_CD,CAMPO_CD,OPERADOR_CD,TIPO_VALOR_CD,VALOR1_DS,VALOR2_DS) VALUES (@condId,@r,'0','EDAD_MAX_NM','GE','NUMBER','PARAM:MAX_EDAD',NULL);
  SET @actnId += 1; INSERT INTO dbo.MRO_MOTORACCION (MOTORACCION_ID,MOTORREGLA_ID,TIPO_ACCION_CD,CAMPO_CD,VALOR_DS,TIPO_VALOR_CD) VALUES (@actnId,@r,'SET',   'INIT_RECHAZADA_FL','true',           'BOOL');
  SET @actnId += 1; INSERT INTO dbo.MRO_MOTORACCION (MOTORACCION_ID,MOTORREGLA_ID,TIPO_ACCION_CD,CAMPO_CD,VALOR_DS,TIPO_VALOR_CD) VALUES (@actnId,@r,'APPEND','MOTIVOS',           '{"code":"EDAD"}','JSON');

  -- R6. IMPORTE_VIVIENDA_NM < IMPORTE_VENTA_CA_NM
  SET @ruleId += 1; SET @r = @ruleId;
  INSERT INTO dbo.MRO_MOTORREGLA (MOTORREGLA_ID,MOTOROFERTA_ID,MOTORREGLA_DS,PRIORIDAD_NM,BORRADO_FL,VIGENCIA_DESDE_DT,VIGENCIA_HASTA_DT,PARAR_PROCESO_FL)
  VALUES (@r,@rs,N'INIT Rechazo: IMPORTE_VIVIENDA_NM < IMPORTE_VENTA_CA_NM (minimo CCAA)',930,0,@VF,NULL,0);
  SET @condId += 1; INSERT INTO dbo.MRO_MOTORCONDICION (MOTORCONDICION_ID,MOTORREGLA_ID,GRUPO_CONDICION_CD,CAMPO_CD,OPERADOR_CD,TIPO_VALOR_CD,VALOR1_DS,VALOR2_DS) VALUES (@condId,@r,'0','stage',              'EQ','STRING','INIT',                      NULL);
  SET @condId += 1; INSERT INTO dbo.MRO_MOTORCONDICION (MOTORCONDICION_ID,MOTORREGLA_ID,GRUPO_CONDICION_CD,CAMPO_CD,OPERADOR_CD,TIPO_VALOR_CD,VALOR1_DS,VALOR2_DS) VALUES (@condId,@r,'0','IMPORTE_VIVIENDA_NM','LT','NUMBER','FIELD:IMPORTE_VENTA_CA_NM',NULL);
  SET @actnId += 1; INSERT INTO dbo.MRO_MOTORACCION (MOTORACCION_ID,MOTORREGLA_ID,TIPO_ACCION_CD,CAMPO_CD,VALOR_DS,TIPO_VALOR_CD) VALUES (@actnId,@r,'SET',   'INIT_RECHAZADA_FL','true',                     'BOOL');
  SET @actnId += 1; INSERT INTO dbo.MRO_MOTORACCION (MOTORACCION_ID,MOTORREGLA_ID,TIPO_ACCION_CD,CAMPO_CD,VALOR_DS,TIPO_VALOR_CD) VALUES (@actnId,@r,'APPEND','MOTIVOS',           '{"code":"IMPORTE_VIVIENDA"}','JSON');

  -- R7. INIT Decision — INIT_ELEGIBLE_FL + limites
  SET @ruleId += 1; SET @r = @ruleId;
  INSERT INTO dbo.MRO_MOTORREGLA (MOTORREGLA_ID,MOTOROFERTA_ID,MOTORREGLA_DS,PRIORIDAD_NM,BORRADO_FL,VIGENCIA_DESDE_DT,VIGENCIA_HASTA_DT,PARAR_PROCESO_FL)
  VALUES (@r,@rs,N'INIT Decision: INIT_ELEGIBLE_FL + limites',10,0,@VF,NULL,1);
  SET @condId += 1; INSERT INTO dbo.MRO_MOTORCONDICION (MOTORCONDICION_ID,MOTORREGLA_ID,GRUPO_CONDICION_CD,CAMPO_CD,OPERADOR_CD,TIPO_VALOR_CD,VALOR1_DS,VALOR2_DS) VALUES (@condId,@r,'0','stage',            'EQ',      'STRING','INIT',NULL);
  SET @condId += 1; INSERT INTO dbo.MRO_MOTORCONDICION (MOTORCONDICION_ID,MOTORREGLA_ID,GRUPO_CONDICION_CD,CAMPO_CD,OPERADOR_CD,TIPO_VALOR_CD,VALOR1_DS,VALOR2_DS) VALUES (@condId,@r,'0','INIT_RECHAZADA_FL','IS_FALSE','BOOL',  '',    NULL);
  SET @actnId += 1; INSERT INTO dbo.MRO_MOTORACCION (MOTORACCION_ID,MOTORREGLA_ID,TIPO_ACCION_CD,CAMPO_CD,VALOR_DS,TIPO_VALOR_CD) VALUES (@actnId,@r,'SET','INIT_ELEGIBLE_FL','true',                   'BOOL');
  SET @actnId += 1; INSERT INTO dbo.MRO_MOTORACCION (MOTORACCION_ID,MOTORREGLA_ID,TIPO_ACCION_CD,CAMPO_CD,VALOR_DS,TIPO_VALOR_CD) VALUES (@actnId,@r,'SET','MIN_HIPOTECA_NM', 'PARAM:MIN_HIPOTECA',     'NUMBER');
  SET @actnId += 1; INSERT INTO dbo.MRO_MOTORACCION (MOTORACCION_ID,MOTORREGLA_ID,TIPO_ACCION_CD,CAMPO_CD,VALOR_DS,TIPO_VALOR_CD) VALUES (@actnId,@r,'SET','MAX_HIPOTECA_NM', 'PARAM:MAX_HIPOTECA',     'NUMBER');
  SET @actnId += 1; INSERT INTO dbo.MRO_MOTORACCION (MOTORACCION_ID,MOTORREGLA_ID,TIPO_ACCION_CD,CAMPO_CD,VALOR_DS,TIPO_VALOR_CD) VALUES (@actnId,@r,'SET','MIN_PLAZO_NM',    'PARAM:MIN_PLAZO',        'NUMBER');
  SET @actnId += 1; INSERT INTO dbo.MRO_MOTORACCION (MOTORACCION_ID,MOTORREGLA_ID,TIPO_ACCION_CD,CAMPO_CD,VALOR_DS,TIPO_VALOR_CD) VALUES (@actnId,@r,'SET','MAX_PLAZO_NM',    'PARAM:MAX_PLAZO',        'NUMBER');
  SET @actnId += 1; INSERT INTO dbo.MRO_MOTORACCION (MOTORACCION_ID,MOTORREGLA_ID,TIPO_ACCION_CD,CAMPO_CD,VALOR_DS,TIPO_VALOR_CD) VALUES (@actnId,@r,'SET','MIN_LTV_EXCL_NM', 'PARAM:MIN_LTV_EXCLUSIVE','NUMBER');
  SET @actnId += 1; INSERT INTO dbo.MRO_MOTORACCION (MOTORACCION_ID,MOTORREGLA_ID,TIPO_ACCION_CD,CAMPO_CD,VALOR_DS,TIPO_VALOR_CD) VALUES (@actnId,@r,'SET','MAX_LTV_NM',      'PARAM:MAX_LTV',          'NUMBER');
  SET @actnId += 1; INSERT INTO dbo.MRO_MOTORACCION (MOTORACCION_ID,MOTORREGLA_ID,TIPO_ACCION_CD,CAMPO_CD,VALOR_DS,TIPO_VALOR_CD) VALUES (@actnId,@r,'SET','EDAD_PLAZO_NM',   'PARAM:EDAD_PLAZO',       'NUMBER');
  -- SOLICITAR_DATOS_INTERVINIENTES: la UI debe pedir datos de intervinientes
  SET @actnId += 1; INSERT INTO dbo.MRO_MOTORACCION (MOTORACCION_ID,MOTORREGLA_ID,TIPO_ACCION_CD,CAMPO_CD,VALOR_DS,TIPO_VALOR_CD) VALUES (@actnId,@r,'SET','SOLICITAR_DATOS_INTERVINIENTES','true','BOOL');

  -- ──────────────────────────────────────────────────────────────
  -- FASE PRE — Reglas de rechazo
  -- ──────────────────────────────────────────────────────────────

  -- R8. 1 titular: INGRESO_T1_NM < MIN_INGRESOS_1T
  SET @ruleId += 1; SET @r = @ruleId;
  INSERT INTO dbo.MRO_MOTORREGLA (MOTORREGLA_ID,MOTOROFERTA_ID,MOTORREGLA_DS,PRIORIDAD_NM,BORRADO_FL,VIGENCIA_DESDE_DT,VIGENCIA_HASTA_DT,PARAR_PROCESO_FL)
  VALUES (@r,@rs,N'PRE Rechazo: 1T INGRESO_T1_NM < MIN_INGRESOS_1T',900,0,@VF,NULL,0);
  SET @condId += 1; INSERT INTO dbo.MRO_MOTORCONDICION (MOTORCONDICION_ID,MOTORREGLA_ID,GRUPO_CONDICION_CD,CAMPO_CD,OPERADOR_CD,TIPO_VALOR_CD,VALOR1_DS,VALOR2_DS) VALUES (@condId,@r,'0','stage',           'EQ','STRING','PRE',                  NULL);
  SET @condId += 1; INSERT INTO dbo.MRO_MOTORCONDICION (MOTORCONDICION_ID,MOTORREGLA_ID,GRUPO_CONDICION_CD,CAMPO_CD,OPERADOR_CD,TIPO_VALOR_CD,VALOR1_DS,VALOR2_DS) VALUES (@condId,@r,'0','NUM_TITULARES_NM','EQ','NUMBER','1',                    NULL);
  SET @condId += 1; INSERT INTO dbo.MRO_MOTORCONDICION (MOTORCONDICION_ID,MOTORREGLA_ID,GRUPO_CONDICION_CD,CAMPO_CD,OPERADOR_CD,TIPO_VALOR_CD,VALOR1_DS,VALOR2_DS) VALUES (@condId,@r,'0','INGRESO_T1_NM',  'LT','NUMBER','PARAM:MIN_INGRESOS_1T',NULL);
  SET @actnId += 1; INSERT INTO dbo.MRO_MOTORACCION (MOTORACCION_ID,MOTORREGLA_ID,TIPO_ACCION_CD,CAMPO_CD,VALOR_DS,TIPO_VALOR_CD) VALUES (@actnId,@r,'SET',   'PRE_RECHAZADA_FL','true',              'BOOL');
  SET @actnId += 1; INSERT INTO dbo.MRO_MOTORACCION (MOTORACCION_ID,MOTORREGLA_ID,TIPO_ACCION_CD,CAMPO_CD,VALOR_DS,TIPO_VALOR_CD) VALUES (@actnId,@r,'APPEND','MOTIVOS',          '{"code":"INGRESOS"}','JSON');

  -- R9. 2 titulares: INGRESO_TOTAL_NM <= MIN_INGRESOS_2T
  SET @ruleId += 1; SET @r = @ruleId;
  INSERT INTO dbo.MRO_MOTORREGLA (MOTORREGLA_ID,MOTOROFERTA_ID,MOTORREGLA_DS,PRIORIDAD_NM,BORRADO_FL,VIGENCIA_DESDE_DT,VIGENCIA_HASTA_DT,PARAR_PROCESO_FL)
  VALUES (@r,@rs,N'PRE Rechazo: 2T INGRESO_TOTAL_NM <= MIN_INGRESOS_2T',890,0,@VF,NULL,0);
  SET @condId += 1; INSERT INTO dbo.MRO_MOTORCONDICION (MOTORCONDICION_ID,MOTORREGLA_ID,GRUPO_CONDICION_CD,CAMPO_CD,OPERADOR_CD,TIPO_VALOR_CD,VALOR1_DS,VALOR2_DS) VALUES (@condId,@r,'0','stage',           'EQ','STRING','PRE',                  NULL);
  SET @condId += 1; INSERT INTO dbo.MRO_MOTORCONDICION (MOTORCONDICION_ID,MOTORREGLA_ID,GRUPO_CONDICION_CD,CAMPO_CD,OPERADOR_CD,TIPO_VALOR_CD,VALOR1_DS,VALOR2_DS) VALUES (@condId,@r,'0','NUM_TITULARES_NM','EQ','NUMBER','2',                    NULL);
  SET @condId += 1; INSERT INTO dbo.MRO_MOTORCONDICION (MOTORCONDICION_ID,MOTORREGLA_ID,GRUPO_CONDICION_CD,CAMPO_CD,OPERADOR_CD,TIPO_VALOR_CD,VALOR1_DS,VALOR2_DS) VALUES (@condId,@r,'0','INGRESO_TOTAL_NM','LE','NUMBER','PARAM:MIN_INGRESOS_2T',NULL);
  SET @actnId += 1; INSERT INTO dbo.MRO_MOTORACCION (MOTORACCION_ID,MOTORREGLA_ID,TIPO_ACCION_CD,CAMPO_CD,VALOR_DS,TIPO_VALOR_CD) VALUES (@actnId,@r,'SET',   'PRE_RECHAZADA_FL','true',              'BOOL');
  SET @actnId += 1; INSERT INTO dbo.MRO_MOTORACCION (MOTORACCION_ID,MOTORREGLA_ID,TIPO_ACCION_CD,CAMPO_CD,VALOR_DS,TIPO_VALOR_CD) VALUES (@actnId,@r,'APPEND','MOTIVOS',          '{"code":"INGRESOS"}','JSON');

  -- R10. PRE Decision — PRE_ELEGIBLE_FL + limites
  SET @ruleId += 1; SET @r = @ruleId;
  INSERT INTO dbo.MRO_MOTORREGLA (MOTORREGLA_ID,MOTOROFERTA_ID,MOTORREGLA_DS,PRIORIDAD_NM,BORRADO_FL,VIGENCIA_DESDE_DT,VIGENCIA_HASTA_DT,PARAR_PROCESO_FL)
  VALUES (@r,@rs,N'PRE Decision: PRE_ELEGIBLE_FL + limites',10,0,@VF,NULL,1);
  SET @condId += 1; INSERT INTO dbo.MRO_MOTORCONDICION (MOTORCONDICION_ID,MOTORREGLA_ID,GRUPO_CONDICION_CD,CAMPO_CD,OPERADOR_CD,TIPO_VALOR_CD,VALOR1_DS,VALOR2_DS) VALUES (@condId,@r,'0','stage',           'EQ',      'STRING','PRE',NULL);
  SET @condId += 1; INSERT INTO dbo.MRO_MOTORCONDICION (MOTORCONDICION_ID,MOTORREGLA_ID,GRUPO_CONDICION_CD,CAMPO_CD,OPERADOR_CD,TIPO_VALOR_CD,VALOR1_DS,VALOR2_DS) VALUES (@condId,@r,'0','PRE_RECHAZADA_FL','IS_FALSE','BOOL',  '',   NULL);
  SET @actnId += 1; INSERT INTO dbo.MRO_MOTORACCION (MOTORACCION_ID,MOTORREGLA_ID,TIPO_ACCION_CD,CAMPO_CD,VALOR_DS,TIPO_VALOR_CD) VALUES (@actnId,@r,'SET','PRE_ELEGIBLE_FL',   'true',                   'BOOL');
  SET @actnId += 1; INSERT INTO dbo.MRO_MOTORACCION (MOTORACCION_ID,MOTORREGLA_ID,TIPO_ACCION_CD,CAMPO_CD,VALOR_DS,TIPO_VALOR_CD) VALUES (@actnId,@r,'SET','OFERTA_GANADORA_CD',@code,                    'STRING');
  SET @actnId += 1; INSERT INTO dbo.MRO_MOTORACCION (MOTORACCION_ID,MOTORREGLA_ID,TIPO_ACCION_CD,CAMPO_CD,VALOR_DS,TIPO_VALOR_CD) VALUES (@actnId,@r,'SET','MIN_HIPOTECA_NM',   'PARAM:MIN_HIPOTECA',     'NUMBER');
  SET @actnId += 1; INSERT INTO dbo.MRO_MOTORACCION (MOTORACCION_ID,MOTORREGLA_ID,TIPO_ACCION_CD,CAMPO_CD,VALOR_DS,TIPO_VALOR_CD) VALUES (@actnId,@r,'SET','MAX_HIPOTECA_NM',   'PARAM:MAX_HIPOTECA',     'NUMBER');
  SET @actnId += 1; INSERT INTO dbo.MRO_MOTORACCION (MOTORACCION_ID,MOTORREGLA_ID,TIPO_ACCION_CD,CAMPO_CD,VALOR_DS,TIPO_VALOR_CD) VALUES (@actnId,@r,'SET','MIN_PLAZO_NM',      'PARAM:MIN_PLAZO',        'NUMBER');
  SET @actnId += 1; INSERT INTO dbo.MRO_MOTORACCION (MOTORACCION_ID,MOTORREGLA_ID,TIPO_ACCION_CD,CAMPO_CD,VALOR_DS,TIPO_VALOR_CD) VALUES (@actnId,@r,'SET','MAX_PLAZO_NM',      'PARAM:MAX_PLAZO',        'NUMBER');
  SET @actnId += 1; INSERT INTO dbo.MRO_MOTORACCION (MOTORACCION_ID,MOTORREGLA_ID,TIPO_ACCION_CD,CAMPO_CD,VALOR_DS,TIPO_VALOR_CD) VALUES (@actnId,@r,'SET','MIN_LTV_EXCL_NM',   'PARAM:MIN_LTV_EXCLUSIVE','NUMBER');
  SET @actnId += 1; INSERT INTO dbo.MRO_MOTORACCION (MOTORACCION_ID,MOTORREGLA_ID,TIPO_ACCION_CD,CAMPO_CD,VALOR_DS,TIPO_VALOR_CD) VALUES (@actnId,@r,'SET','MAX_LTV_NM',        'PARAM:MAX_LTV',          'NUMBER');
  SET @actnId += 1; INSERT INTO dbo.MRO_MOTORACCION (MOTORACCION_ID,MOTORREGLA_ID,TIPO_ACCION_CD,CAMPO_CD,VALOR_DS,TIPO_VALOR_CD) VALUES (@actnId,@r,'SET','EDAD_PLAZO_NM',     'PARAM:EDAD_PLAZO',       'NUMBER');
  -- SOLICITAR_DATOS_INTERVINIENTES: la UI debe pedir datos de intervinientes
  SET @actnId += 1; INSERT INTO dbo.MRO_MOTORACCION (MOTORACCION_ID,MOTORREGLA_ID,TIPO_ACCION_CD,CAMPO_CD,VALOR_DS,TIPO_VALOR_CD) VALUES (@actnId,@r,'SET','SOLICITAR_DATOS_INTERVINIENTES','true','BOOL');

  -- ──────────────────────────────────────────────────────────────
  -- FASE FINAL — Reglas de rechazo
  -- ──────────────────────────────────────────────────────────────

  -- R11. LTV fuera del rango (MIN_LTV_EXCL_NM, MAX_LTV_NM]
  SET @ruleId += 1; SET @r = @ruleId;
  INSERT INTO dbo.MRO_MOTORREGLA (MOTORREGLA_ID,MOTOROFERTA_ID,MOTORREGLA_DS,PRIORIDAD_NM,BORRADO_FL,VIGENCIA_DESDE_DT,VIGENCIA_HASTA_DT,PARAR_PROCESO_FL)
  VALUES (@r,@rs,N'FINAL Rechazo: LTV_NM fuera de rango (MIN_LTV_EXCL, MAX_LTV]',1000,0,@VF,NULL,0);
  SET @condId += 1; INSERT INTO dbo.MRO_MOTORCONDICION (MOTORCONDICION_ID,MOTORREGLA_ID,GRUPO_CONDICION_CD,CAMPO_CD,OPERADOR_CD,TIPO_VALOR_CD,VALOR1_DS,VALOR2_DS) VALUES (@condId,@r,'1','stage','EQ','STRING','FINAL',                   NULL);
  SET @condId += 1; INSERT INTO dbo.MRO_MOTORCONDICION (MOTORCONDICION_ID,MOTORREGLA_ID,GRUPO_CONDICION_CD,CAMPO_CD,OPERADOR_CD,TIPO_VALOR_CD,VALOR1_DS,VALOR2_DS) VALUES (@condId,@r,'1','LTV_NM','LE','NUMBER','PARAM:MIN_LTV_EXCLUSIVE',NULL);
  SET @condId += 1; INSERT INTO dbo.MRO_MOTORCONDICION (MOTORCONDICION_ID,MOTORREGLA_ID,GRUPO_CONDICION_CD,CAMPO_CD,OPERADOR_CD,TIPO_VALOR_CD,VALOR1_DS,VALOR2_DS) VALUES (@condId,@r,'2','stage','EQ','STRING','FINAL',                   NULL);
  SET @condId += 1; INSERT INTO dbo.MRO_MOTORCONDICION (MOTORCONDICION_ID,MOTORREGLA_ID,GRUPO_CONDICION_CD,CAMPO_CD,OPERADOR_CD,TIPO_VALOR_CD,VALOR1_DS,VALOR2_DS) VALUES (@condId,@r,'2','LTV_NM','GT','NUMBER','PARAM:MAX_LTV',          NULL);
  SET @actnId += 1; INSERT INTO dbo.MRO_MOTORACCION (MOTORACCION_ID,MOTORREGLA_ID,TIPO_ACCION_CD,CAMPO_CD,VALOR_DS,TIPO_VALOR_CD) VALUES (@actnId,@r,'SET',   'RECHAZADA_FL','true',          'BOOL');
  SET @actnId += 1; INSERT INTO dbo.MRO_MOTORACCION (MOTORACCION_ID,MOTORREGLA_ID,TIPO_ACCION_CD,CAMPO_CD,VALOR_DS,TIPO_VALOR_CD) VALUES (@actnId,@r,'APPEND','MOTIVOS',     '{"code":"LTV"}','JSON');

  -- R12. IMPORTE_HIPOTECA_NM fuera del rango [MIN_HIPOTECA, MAX_HIPOTECA]
  SET @ruleId += 1; SET @r = @ruleId;
  INSERT INTO dbo.MRO_MOTORREGLA (MOTORREGLA_ID,MOTOROFERTA_ID,MOTORREGLA_DS,PRIORIDAD_NM,BORRADO_FL,VIGENCIA_DESDE_DT,VIGENCIA_HASTA_DT,PARAR_PROCESO_FL)
  VALUES (@r,@rs,N'FINAL Rechazo: IMPORTE_HIPOTECA_NM fuera de rango',990,0,@VF,NULL,0);
  SET @condId += 1; INSERT INTO dbo.MRO_MOTORCONDICION (MOTORCONDICION_ID,MOTORREGLA_ID,GRUPO_CONDICION_CD,CAMPO_CD,OPERADOR_CD,TIPO_VALOR_CD,VALOR1_DS,VALOR2_DS) VALUES (@condId,@r,'1','stage',              'EQ','STRING','FINAL',             NULL);
  SET @condId += 1; INSERT INTO dbo.MRO_MOTORCONDICION (MOTORCONDICION_ID,MOTORREGLA_ID,GRUPO_CONDICION_CD,CAMPO_CD,OPERADOR_CD,TIPO_VALOR_CD,VALOR1_DS,VALOR2_DS) VALUES (@condId,@r,'1','IMPORTE_HIPOTECA_NM','LT','NUMBER','PARAM:MIN_HIPOTECA',NULL);
  SET @condId += 1; INSERT INTO dbo.MRO_MOTORCONDICION (MOTORCONDICION_ID,MOTORREGLA_ID,GRUPO_CONDICION_CD,CAMPO_CD,OPERADOR_CD,TIPO_VALOR_CD,VALOR1_DS,VALOR2_DS) VALUES (@condId,@r,'2','stage',              'EQ','STRING','FINAL',             NULL);
  SET @condId += 1; INSERT INTO dbo.MRO_MOTORCONDICION (MOTORCONDICION_ID,MOTORREGLA_ID,GRUPO_CONDICION_CD,CAMPO_CD,OPERADOR_CD,TIPO_VALOR_CD,VALOR1_DS,VALOR2_DS) VALUES (@condId,@r,'2','IMPORTE_HIPOTECA_NM','GT','NUMBER','PARAM:MAX_HIPOTECA',NULL);
  SET @actnId += 1; INSERT INTO dbo.MRO_MOTORACCION (MOTORACCION_ID,MOTORREGLA_ID,TIPO_ACCION_CD,CAMPO_CD,VALOR_DS,TIPO_VALOR_CD) VALUES (@actnId,@r,'SET',   'RECHAZADA_FL','true',                      'BOOL');
  SET @actnId += 1; INSERT INTO dbo.MRO_MOTORACCION (MOTORACCION_ID,MOTORREGLA_ID,TIPO_ACCION_CD,CAMPO_CD,VALOR_DS,TIPO_VALOR_CD) VALUES (@actnId,@r,'APPEND','MOTIVOS',     '{"code":"IMPORTE_HIPOTECA"}','JSON');

  -- R13. PLAZO_NM fuera del rango [MIN_PLAZO, MAX_PLAZO]
  SET @ruleId += 1; SET @r = @ruleId;
  INSERT INTO dbo.MRO_MOTORREGLA (MOTORREGLA_ID,MOTOROFERTA_ID,MOTORREGLA_DS,PRIORIDAD_NM,BORRADO_FL,VIGENCIA_DESDE_DT,VIGENCIA_HASTA_DT,PARAR_PROCESO_FL)
  VALUES (@r,@rs,N'FINAL Rechazo: PLAZO_NM fuera de rango (anos)',980,0,@VF,NULL,0);
  SET @condId += 1; INSERT INTO dbo.MRO_MOTORCONDICION (MOTORCONDICION_ID,MOTORREGLA_ID,GRUPO_CONDICION_CD,CAMPO_CD,OPERADOR_CD,TIPO_VALOR_CD,VALOR1_DS,VALOR2_DS) VALUES (@condId,@r,'1','stage',   'EQ','STRING','FINAL',          NULL);
  SET @condId += 1; INSERT INTO dbo.MRO_MOTORCONDICION (MOTORCONDICION_ID,MOTORREGLA_ID,GRUPO_CONDICION_CD,CAMPO_CD,OPERADOR_CD,TIPO_VALOR_CD,VALOR1_DS,VALOR2_DS) VALUES (@condId,@r,'1','PLAZO_NM','LT','NUMBER','PARAM:MIN_PLAZO',NULL);
  SET @condId += 1; INSERT INTO dbo.MRO_MOTORCONDICION (MOTORCONDICION_ID,MOTORREGLA_ID,GRUPO_CONDICION_CD,CAMPO_CD,OPERADOR_CD,TIPO_VALOR_CD,VALOR1_DS,VALOR2_DS) VALUES (@condId,@r,'2','stage',   'EQ','STRING','FINAL',          NULL);
  SET @condId += 1; INSERT INTO dbo.MRO_MOTORCONDICION (MOTORCONDICION_ID,MOTORREGLA_ID,GRUPO_CONDICION_CD,CAMPO_CD,OPERADOR_CD,TIPO_VALOR_CD,VALOR1_DS,VALOR2_DS) VALUES (@condId,@r,'2','PLAZO_NM','GT','NUMBER','PARAM:MAX_PLAZO',NULL);
  SET @actnId += 1; INSERT INTO dbo.MRO_MOTORACCION (MOTORACCION_ID,MOTORREGLA_ID,TIPO_ACCION_CD,CAMPO_CD,VALOR_DS,TIPO_VALOR_CD) VALUES (@actnId,@r,'SET',   'RECHAZADA_FL','true',            'BOOL');
  SET @actnId += 1; INSERT INTO dbo.MRO_MOTORACCION (MOTORACCION_ID,MOTORREGLA_ID,TIPO_ACCION_CD,CAMPO_CD,VALOR_DS,TIPO_VALOR_CD) VALUES (@actnId,@r,'APPEND','MOTIVOS',     '{"code":"PLAZO"}','JSON');

  -- R14. EDAD_MAS_PLAZO_NM > EDAD_PLAZO
  SET @ruleId += 1; SET @r = @ruleId;
  INSERT INTO dbo.MRO_MOTORREGLA (MOTORREGLA_ID,MOTOROFERTA_ID,MOTORREGLA_DS,PRIORIDAD_NM,BORRADO_FL,VIGENCIA_DESDE_DT,VIGENCIA_HASTA_DT,PARAR_PROCESO_FL)
  VALUES (@r,@rs,N'FINAL Rechazo: EDAD_MAS_PLAZO_NM > EDAD_PLAZO',970,0,@VF,NULL,0);
  SET @condId += 1; INSERT INTO dbo.MRO_MOTORCONDICION (MOTORCONDICION_ID,MOTORREGLA_ID,GRUPO_CONDICION_CD,CAMPO_CD,OPERADOR_CD,TIPO_VALOR_CD,VALOR1_DS,VALOR2_DS) VALUES (@condId,@r,'0','stage',            'EQ','STRING','FINAL',           NULL);
  SET @condId += 1; INSERT INTO dbo.MRO_MOTORCONDICION (MOTORCONDICION_ID,MOTORREGLA_ID,GRUPO_CONDICION_CD,CAMPO_CD,OPERADOR_CD,TIPO_VALOR_CD,VALOR1_DS,VALOR2_DS) VALUES (@condId,@r,'0','EDAD_MAS_PLAZO_NM','GT','NUMBER','PARAM:EDAD_PLAZO',NULL);
  SET @actnId += 1; INSERT INTO dbo.MRO_MOTORACCION (MOTORACCION_ID,MOTORREGLA_ID,TIPO_ACCION_CD,CAMPO_CD,VALOR_DS,TIPO_VALOR_CD) VALUES (@actnId,@r,'SET',   'RECHAZADA_FL','true',                 'BOOL');
  SET @actnId += 1; INSERT INTO dbo.MRO_MOTORACCION (MOTORACCION_ID,MOTORREGLA_ID,TIPO_ACCION_CD,CAMPO_CD,VALOR_DS,TIPO_VALOR_CD) VALUES (@actnId,@r,'APPEND','MOTIVOS',     '{"code":"EDAD_PLAZO"}','JSON');

  -- R15. FINAL Decision — NO elegible
  SET @ruleId += 1; SET @r = @ruleId;
  INSERT INTO dbo.MRO_MOTORREGLA (MOTORREGLA_ID,MOTOROFERTA_ID,MOTORREGLA_DS,PRIORIDAD_NM,BORRADO_FL,VIGENCIA_DESDE_DT,VIGENCIA_HASTA_DT,PARAR_PROCESO_FL)
  VALUES (@r,@rs,N'FINAL Decision: NO elegible',10,0,@VF,NULL,1);
  SET @condId += 1; INSERT INTO dbo.MRO_MOTORCONDICION (MOTORCONDICION_ID,MOTORREGLA_ID,GRUPO_CONDICION_CD,CAMPO_CD,OPERADOR_CD,TIPO_VALOR_CD,VALOR1_DS,VALOR2_DS) VALUES (@condId,@r,'0','stage',       'EQ',     'STRING','FINAL',NULL);
  SET @condId += 1; INSERT INTO dbo.MRO_MOTORCONDICION (MOTORCONDICION_ID,MOTORREGLA_ID,GRUPO_CONDICION_CD,CAMPO_CD,OPERADOR_CD,TIPO_VALOR_CD,VALOR1_DS,VALOR2_DS) VALUES (@condId,@r,'0','RECHAZADA_FL','IS_TRUE','BOOL',  '',    NULL);
  SET @actnId += 1; INSERT INTO dbo.MRO_MOTORACCION (MOTORACCION_ID,MOTORREGLA_ID,TIPO_ACCION_CD,CAMPO_CD,VALOR_DS,TIPO_VALOR_CD) VALUES (@actnId,@r,'SET','ELEGIBLE_FL',       'false','BOOL');
  SET @actnId += 1; INSERT INTO dbo.MRO_MOTORACCION (MOTORACCION_ID,MOTORREGLA_ID,TIPO_ACCION_CD,CAMPO_CD,VALOR_DS,TIPO_VALOR_CD) VALUES (@actnId,@r,'SET','OFERTA_GANADORA_CD',@code, 'STRING');

  -- R16. FINAL Decision — ELEGIBLE
  SET @ruleId += 1; SET @r = @ruleId;
  INSERT INTO dbo.MRO_MOTORREGLA (MOTORREGLA_ID,MOTOROFERTA_ID,MOTORREGLA_DS,PRIORIDAD_NM,BORRADO_FL,VIGENCIA_DESDE_DT,VIGENCIA_HASTA_DT,PARAR_PROCESO_FL)
  VALUES (@r,@rs,N'FINAL Decision: ELEGIBLE',1,0,@VF,NULL,1);
  SET @condId += 1; INSERT INTO dbo.MRO_MOTORCONDICION (MOTORCONDICION_ID,MOTORREGLA_ID,GRUPO_CONDICION_CD,CAMPO_CD,OPERADOR_CD,TIPO_VALOR_CD,VALOR1_DS,VALOR2_DS) VALUES (@condId,@r,'0','stage',       'EQ',      'STRING','FINAL',NULL);
  SET @condId += 1; INSERT INTO dbo.MRO_MOTORCONDICION (MOTORCONDICION_ID,MOTORREGLA_ID,GRUPO_CONDICION_CD,CAMPO_CD,OPERADOR_CD,TIPO_VALOR_CD,VALOR1_DS,VALOR2_DS) VALUES (@condId,@r,'0','RECHAZADA_FL','IS_FALSE','BOOL',  '',    NULL);
  SET @actnId += 1; INSERT INTO dbo.MRO_MOTORACCION (MOTORACCION_ID,MOTORREGLA_ID,TIPO_ACCION_CD,CAMPO_CD,VALOR_DS,TIPO_VALOR_CD) VALUES (@actnId,@r,'SET','ELEGIBLE_FL',       'true','BOOL');
  -- SOLICITAR_DATOS_INTERVINIENTES: la UI debe pedir datos de intervinientes
  SET @actnId += 1; INSERT INTO dbo.MRO_MOTORACCION (MOTORACCION_ID,MOTORREGLA_ID,TIPO_ACCION_CD,CAMPO_CD,VALOR_DS,TIPO_VALOR_CD) VALUES (@actnId,@r,'SET','SOLICITAR_DATOS_INTERVINIENTES','true','BOOL');
  SET @actnId += 1; INSERT INTO dbo.MRO_MOTORACCION (MOTORACCION_ID,MOTORREGLA_ID,TIPO_ACCION_CD,CAMPO_CD,VALOR_DS,TIPO_VALOR_CD) VALUES (@actnId,@r,'SET','OFERTA_GANADORA_CD',@code, 'STRING');
END;
GO

-- ================================================================
-- BATCH 2: Limpieza, Ofertas, Parametros y Reglas
-- ================================================================
BEGIN TRANSACTION;
BEGIN TRY
  SET NOCOUNT ON;
  DECLARE @VF DATE = '2026-01-01';

  -- ──────────────────────────────────────────────────────────────
  -- 0. LIMPIEZA (orden respeta FKs)
  -- ──────────────────────────────────────────────────────────────
  DELETE FROM dbo.MRO_MOTORACCION;
  DELETE FROM dbo.MRO_MOTORCONDICIONVALOR;
  DELETE FROM dbo.MRO_MOTORCONDICION;
  DELETE FROM dbo.MRO_MOTORREGLA;
  DELETE FROM dbo.MRO_MOTORPARAM;
  DELETE FROM dbo.MRO_MOTOROFERTA;

  -- ──────────────────────────────────────────────────────────────
  -- 1. OFERTAS
  -- ──────────────────────────────────────────────────────────────
  DECLARE @rs_clientes        INT = 1;
  DECLARE @of_clientes        INT = 12; -- PRE: 12; PRO:
  DECLARE @rs_alto_ltv        INT = 2;
  DECLARE @of_alto_ltv        INT = 15; -- PRE: 15; PRO:
  DECLARE @rs_mejor_precio    INT = 3;
  DECLARE @of_mejor_precio    INT = 16; -- PRE: 16; PRO:
  DECLARE @rs_alto_plazo      INT = 4;
  DECLARE @of_alto_plazo      INT = 18; -- PRE: 18; PRO:
  DECLARE @rs_combinada       INT = 5;
  DECLARE @of_combinada       INT = 19; -- PRE: 19; PRO:
  DECLARE @rs_mejor_precio_av INT = 6;
  DECLARE @of_mejor_precio_av INT = 17; -- PRE: 17; PRO:

  INSERT INTO dbo.MRO_MOTOROFERTA (MOTOROFERTA_ID,OFERTA_ID,OFERTA_RANK_NM,BORRADO_FL,VERSION_PUBLICADA_NM)
  VALUES (@rs_clientes, @of_clientes,  10, 0, 1);
  INSERT INTO dbo.MRO_MOTOROFERTA (MOTOROFERTA_ID,OFERTA_ID,OFERTA_RANK_NM,BORRADO_FL,VERSION_PUBLICADA_NM)
  VALUES (@rs_alto_ltv, @of_alto_ltv,  90, 0, 1);
  INSERT INTO dbo.MRO_MOTOROFERTA (MOTOROFERTA_ID,OFERTA_ID,OFERTA_RANK_NM,BORRADO_FL,VERSION_PUBLICADA_NM)
  VALUES (@rs_mejor_precio, @of_mejor_precio,  60, 0, 1);
  INSERT INTO dbo.MRO_MOTOROFERTA (MOTOROFERTA_ID,OFERTA_ID,OFERTA_RANK_NM,BORRADO_FL,VERSION_PUBLICADA_NM)
  VALUES (@rs_alto_plazo, @of_alto_plazo,  80, 0, 1);
  INSERT INTO dbo.MRO_MOTOROFERTA (MOTOROFERTA_ID,OFERTA_ID,OFERTA_RANK_NM,BORRADO_FL,VERSION_PUBLICADA_NM)
  VALUES (@rs_combinada, @of_combinada, 100, 0, 1);
  INSERT INTO dbo.MRO_MOTOROFERTA (MOTOROFERTA_ID,OFERTA_ID,OFERTA_RANK_NM,BORRADO_FL,VERSION_PUBLICADA_NM)
  VALUES (@rs_mejor_precio_av, @of_mejor_precio_av,  70, 0, 1);

  -- ──────────────────────────────────────────────────────────────
  -- 2. PARAMETROS
  -- ──────────────────────────────────────────────────────────────
  DECLARE @paramId INT = 0;

  -- ── FIDELIZACION (1 param) ───────────────────────────────────────
  SET @paramId += 1; INSERT INTO dbo.MRO_MOTORPARAM (MOTORPARAM_ID,MOTOROFERTA_ID,PARAM_KEY_CD,TIPO_VALOR_CD,VALOR_DS,VIGENCIA_HASTA_DT,BORRADO_FL) VALUES (@paramId,@rs_clientes,'MIN_ANTIGUEDAD',    'NUMBER','12',                    NULL,0);

  -- ── ALTO_RIESGO (12 params) ──────────────────────────────
  SET @paramId += 1; INSERT INTO dbo.MRO_MOTORPARAM (MOTORPARAM_ID,MOTOROFERTA_ID,PARAM_KEY_CD,TIPO_VALOR_CD,VALOR_DS,VIGENCIA_HASTA_DT,BORRADO_FL) VALUES (@paramId,@rs_alto_ltv,'MIN_ANTIGUEDAD',    'NUMBER','12',                   NULL,0);
  SET @paramId += 1; INSERT INTO dbo.MRO_MOTORPARAM (MOTORPARAM_ID,MOTOROFERTA_ID,PARAM_KEY_CD,TIPO_VALOR_CD,VALOR_DS,VIGENCIA_HASTA_DT,BORRADO_FL) VALUES (@paramId,@rs_alto_ltv,'MAX_EDAD',          'NUMBER','45',                   NULL,0);
  SET @paramId += 1; INSERT INTO dbo.MRO_MOTORPARAM (MOTORPARAM_ID,MOTOROFERTA_ID,PARAM_KEY_CD,TIPO_VALOR_CD,VALOR_DS,VIGENCIA_HASTA_DT,BORRADO_FL) VALUES (@paramId,@rs_alto_ltv,'MIN_PLAZO',         'NUMBER','3',                    NULL,0);
  SET @paramId += 1; INSERT INTO dbo.MRO_MOTORPARAM (MOTORPARAM_ID,MOTOROFERTA_ID,PARAM_KEY_CD,TIPO_VALOR_CD,VALOR_DS,VIGENCIA_HASTA_DT,BORRADO_FL) VALUES (@paramId,@rs_alto_ltv,'MAX_PLAZO',         'NUMBER','35',                   NULL,0);
  SET @paramId += 1; INSERT INTO dbo.MRO_MOTORPARAM (MOTORPARAM_ID,MOTOROFERTA_ID,PARAM_KEY_CD,TIPO_VALOR_CD,VALOR_DS,VIGENCIA_HASTA_DT,BORRADO_FL) VALUES (@paramId,@rs_alto_ltv,'MIN_LTV_EXCLUSIVE', 'NUMBER','0.80',                 NULL,0);
  SET @paramId += 1; INSERT INTO dbo.MRO_MOTORPARAM (MOTORPARAM_ID,MOTOROFERTA_ID,PARAM_KEY_CD,TIPO_VALOR_CD,VALOR_DS,VIGENCIA_HASTA_DT,BORRADO_FL) VALUES (@paramId,@rs_alto_ltv,'MAX_LTV',           'NUMBER','1.00',                 NULL,0);
  SET @paramId += 1; INSERT INTO dbo.MRO_MOTORPARAM (MOTORPARAM_ID,MOTOROFERTA_ID,PARAM_KEY_CD,TIPO_VALOR_CD,VALOR_DS,VIGENCIA_HASTA_DT,BORRADO_FL) VALUES (@paramId,@rs_alto_ltv,'MIN_HIPOTECA',      'NUMBER','50000',                NULL,0);
  SET @paramId += 1; INSERT INTO dbo.MRO_MOTORPARAM (MOTORPARAM_ID,MOTOROFERTA_ID,PARAM_KEY_CD,TIPO_VALOR_CD,VALOR_DS,VIGENCIA_HASTA_DT,BORRADO_FL) VALUES (@paramId,@rs_alto_ltv,'MAX_HIPOTECA',      'NUMBER','1500000',              NULL,0);
  SET @paramId += 1; INSERT INTO dbo.MRO_MOTORPARAM (MOTORPARAM_ID,MOTOROFERTA_ID,PARAM_KEY_CD,TIPO_VALOR_CD,VALOR_DS,VIGENCIA_HASTA_DT,BORRADO_FL) VALUES (@paramId,@rs_alto_ltv,'MIN_INGRESOS_1T',   'NUMBER','2700',                 NULL,0);
  SET @paramId += 1; INSERT INTO dbo.MRO_MOTORPARAM (MOTORPARAM_ID,MOTOROFERTA_ID,PARAM_KEY_CD,TIPO_VALOR_CD,VALOR_DS,VIGENCIA_HASTA_DT,BORRADO_FL) VALUES (@paramId,@rs_alto_ltv,'MIN_INGRESOS_2T',   'NUMBER','3700',                 NULL,0);
  SET @paramId += 1; INSERT INTO dbo.MRO_MOTORPARAM (MOTORPARAM_ID,MOTOROFERTA_ID,PARAM_KEY_CD,TIPO_VALOR_CD,VALOR_DS,VIGENCIA_HASTA_DT,BORRADO_FL) VALUES (@paramId,@rs_alto_ltv,'EDAD_PLAZO',        'NUMBER','75',                   NULL,0);
  SET @paramId += 1; INSERT INTO dbo.MRO_MOTORPARAM (MOTORPARAM_ID,MOTOROFERTA_ID,PARAM_KEY_CD,TIPO_VALOR_CD,VALOR_DS,VIGENCIA_HASTA_DT,BORRADO_FL) VALUES (@paramId,@rs_alto_ltv,'TIPO_ALTA_ADMITIDAS','JSON',  '["NOVACION","CAPTACION"]',NULL,0);

  -- ── PROMOCION (12 params) ──────────────────────────
  SET @paramId += 1; INSERT INTO dbo.MRO_MOTORPARAM (MOTORPARAM_ID,MOTOROFERTA_ID,PARAM_KEY_CD,TIPO_VALOR_CD,VALOR_DS,VIGENCIA_HASTA_DT,BORRADO_FL) VALUES (@paramId,@rs_mejor_precio,'MIN_ANTIGUEDAD',    'NUMBER','0',                    NULL,0);
  SET @paramId += 1; INSERT INTO dbo.MRO_MOTORPARAM (MOTORPARAM_ID,MOTOROFERTA_ID,PARAM_KEY_CD,TIPO_VALOR_CD,VALOR_DS,VIGENCIA_HASTA_DT,BORRADO_FL) VALUES (@paramId,@rs_mejor_precio,'MAX_EDAD',          'NUMBER','45',                   NULL,0);
  SET @paramId += 1; INSERT INTO dbo.MRO_MOTORPARAM (MOTORPARAM_ID,MOTOROFERTA_ID,PARAM_KEY_CD,TIPO_VALOR_CD,VALOR_DS,VIGENCIA_HASTA_DT,BORRADO_FL) VALUES (@paramId,@rs_mejor_precio,'MIN_PLAZO',         'NUMBER','3',                    NULL,0);
  SET @paramId += 1; INSERT INTO dbo.MRO_MOTORPARAM (MOTORPARAM_ID,MOTOROFERTA_ID,PARAM_KEY_CD,TIPO_VALOR_CD,VALOR_DS,VIGENCIA_HASTA_DT,BORRADO_FL) VALUES (@paramId,@rs_mejor_precio,'MAX_PLAZO',         'NUMBER','35',                   NULL,0);
  SET @paramId += 1; INSERT INTO dbo.MRO_MOTORPARAM (MOTORPARAM_ID,MOTOROFERTA_ID,PARAM_KEY_CD,TIPO_VALOR_CD,VALOR_DS,VIGENCIA_HASTA_DT,BORRADO_FL) VALUES (@paramId,@rs_mejor_precio,'MIN_LTV_EXCLUSIVE', 'NUMBER','0',                    NULL,0);
  SET @paramId += 1; INSERT INTO dbo.MRO_MOTORPARAM (MOTORPARAM_ID,MOTOROFERTA_ID,PARAM_KEY_CD,TIPO_VALOR_CD,VALOR_DS,VIGENCIA_HASTA_DT,BORRADO_FL) VALUES (@paramId,@rs_mejor_precio,'MAX_LTV',           'NUMBER','0.80',                 NULL,0);
  SET @paramId += 1; INSERT INTO dbo.MRO_MOTORPARAM (MOTORPARAM_ID,MOTOROFERTA_ID,PARAM_KEY_CD,TIPO_VALOR_CD,VALOR_DS,VIGENCIA_HASTA_DT,BORRADO_FL) VALUES (@paramId,@rs_mejor_precio,'MIN_HIPOTECA',      'NUMBER','50000',                NULL,0);
  SET @paramId += 1; INSERT INTO dbo.MRO_MOTORPARAM (MOTORPARAM_ID,MOTOROFERTA_ID,PARAM_KEY_CD,TIPO_VALOR_CD,VALOR_DS,VIGENCIA_HASTA_DT,BORRADO_FL) VALUES (@paramId,@rs_mejor_precio,'MAX_HIPOTECA',      'NUMBER','2000000',              NULL,0);
  SET @paramId += 1; INSERT INTO dbo.MRO_MOTORPARAM (MOTORPARAM_ID,MOTOROFERTA_ID,PARAM_KEY_CD,TIPO_VALOR_CD,VALOR_DS,VIGENCIA_HASTA_DT,BORRADO_FL) VALUES (@paramId,@rs_mejor_precio,'MIN_INGRESOS_1T',   'NUMBER','0',                    NULL,0);
  SET @paramId += 1; INSERT INTO dbo.MRO_MOTORPARAM (MOTORPARAM_ID,MOTOROFERTA_ID,PARAM_KEY_CD,TIPO_VALOR_CD,VALOR_DS,VIGENCIA_HASTA_DT,BORRADO_FL) VALUES (@paramId,@rs_mejor_precio,'MIN_INGRESOS_2T',   'NUMBER','0',                    NULL,0);
  SET @paramId += 1; INSERT INTO dbo.MRO_MOTORPARAM (MOTORPARAM_ID,MOTOROFERTA_ID,PARAM_KEY_CD,TIPO_VALOR_CD,VALOR_DS,VIGENCIA_HASTA_DT,BORRADO_FL) VALUES (@paramId,@rs_mejor_precio,'EDAD_PLAZO',        'NUMBER','75',                   NULL,0);
  SET @paramId += 1; INSERT INTO dbo.MRO_MOTORPARAM (MOTORPARAM_ID,MOTOROFERTA_ID,PARAM_KEY_CD,TIPO_VALOR_CD,VALOR_DS,VIGENCIA_HASTA_DT,BORRADO_FL) VALUES (@paramId,@rs_mejor_precio,'TIPO_ALTA_ADMITIDAS','JSON',  '["NOVACION","CAPTACION"]',NULL,0);

  -- ── LARGO_PLAZO (12 params) ────────────────────────────
  SET @paramId += 1; INSERT INTO dbo.MRO_MOTORPARAM (MOTORPARAM_ID,MOTOROFERTA_ID,PARAM_KEY_CD,TIPO_VALOR_CD,VALOR_DS,VIGENCIA_HASTA_DT,BORRADO_FL) VALUES (@paramId,@rs_alto_plazo,'MIN_ANTIGUEDAD',    'NUMBER','12',                   NULL,0);
  SET @paramId += 1; INSERT INTO dbo.MRO_MOTORPARAM (MOTORPARAM_ID,MOTOROFERTA_ID,PARAM_KEY_CD,TIPO_VALOR_CD,VALOR_DS,VIGENCIA_HASTA_DT,BORRADO_FL) VALUES (@paramId,@rs_alto_plazo,'MAX_EDAD',          'NUMBER','40',                   NULL,0);
  SET @paramId += 1; INSERT INTO dbo.MRO_MOTORPARAM (MOTORPARAM_ID,MOTOROFERTA_ID,PARAM_KEY_CD,TIPO_VALOR_CD,VALOR_DS,VIGENCIA_HASTA_DT,BORRADO_FL) VALUES (@paramId,@rs_alto_plazo,'MIN_PLAZO',         'NUMBER','36',                   NULL,0);
  SET @paramId += 1; INSERT INTO dbo.MRO_MOTORPARAM (MOTORPARAM_ID,MOTOROFERTA_ID,PARAM_KEY_CD,TIPO_VALOR_CD,VALOR_DS,VIGENCIA_HASTA_DT,BORRADO_FL) VALUES (@paramId,@rs_alto_plazo,'MAX_PLAZO',         'NUMBER','45',                   NULL,0);
  SET @paramId += 1; INSERT INTO dbo.MRO_MOTORPARAM (MOTORPARAM_ID,MOTOROFERTA_ID,PARAM_KEY_CD,TIPO_VALOR_CD,VALOR_DS,VIGENCIA_HASTA_DT,BORRADO_FL) VALUES (@paramId,@rs_alto_plazo,'MIN_LTV_EXCLUSIVE', 'NUMBER','0',                    NULL,0);
  SET @paramId += 1; INSERT INTO dbo.MRO_MOTORPARAM (MOTORPARAM_ID,MOTOROFERTA_ID,PARAM_KEY_CD,TIPO_VALOR_CD,VALOR_DS,VIGENCIA_HASTA_DT,BORRADO_FL) VALUES (@paramId,@rs_alto_plazo,'MAX_LTV',           'NUMBER','0.80',                 NULL,0);
  SET @paramId += 1; INSERT INTO dbo.MRO_MOTORPARAM (MOTORPARAM_ID,MOTOROFERTA_ID,PARAM_KEY_CD,TIPO_VALOR_CD,VALOR_DS,VIGENCIA_HASTA_DT,BORRADO_FL) VALUES (@paramId,@rs_alto_plazo,'MIN_HIPOTECA',      'NUMBER','50000',                NULL,0);
  SET @paramId += 1; INSERT INTO dbo.MRO_MOTORPARAM (MOTORPARAM_ID,MOTOROFERTA_ID,PARAM_KEY_CD,TIPO_VALOR_CD,VALOR_DS,VIGENCIA_HASTA_DT,BORRADO_FL) VALUES (@paramId,@rs_alto_plazo,'MAX_HIPOTECA',      'NUMBER','1500000',              NULL,0);
  SET @paramId += 1; INSERT INTO dbo.MRO_MOTORPARAM (MOTORPARAM_ID,MOTOROFERTA_ID,PARAM_KEY_CD,TIPO_VALOR_CD,VALOR_DS,VIGENCIA_HASTA_DT,BORRADO_FL) VALUES (@paramId,@rs_alto_plazo,'MIN_INGRESOS_1T',   'NUMBER','2500',                 NULL,0);
  SET @paramId += 1; INSERT INTO dbo.MRO_MOTORPARAM (MOTORPARAM_ID,MOTOROFERTA_ID,PARAM_KEY_CD,TIPO_VALOR_CD,VALOR_DS,VIGENCIA_HASTA_DT,BORRADO_FL) VALUES (@paramId,@rs_alto_plazo,'MIN_INGRESOS_2T',   'NUMBER','3500',                 NULL,0);
  SET @paramId += 1; INSERT INTO dbo.MRO_MOTORPARAM (MOTORPARAM_ID,MOTOROFERTA_ID,PARAM_KEY_CD,TIPO_VALOR_CD,VALOR_DS,VIGENCIA_HASTA_DT,BORRADO_FL) VALUES (@paramId,@rs_alto_plazo,'EDAD_PLAZO',        'NUMBER','80',                   NULL,0);
  SET @paramId += 1; INSERT INTO dbo.MRO_MOTORPARAM (MOTORPARAM_ID,MOTOROFERTA_ID,PARAM_KEY_CD,TIPO_VALOR_CD,VALOR_DS,VIGENCIA_HASTA_DT,BORRADO_FL) VALUES (@paramId,@rs_alto_plazo,'TIPO_ALTA_ADMITIDAS','JSON',  '["NOVACION","CAPTACION"]',NULL,0);

  -- ── ULTRA_ALTO_RIESGO (12 params) ─────────────────────────────
  SET @paramId += 1; INSERT INTO dbo.MRO_MOTORPARAM (MOTORPARAM_ID,MOTOROFERTA_ID,PARAM_KEY_CD,TIPO_VALOR_CD,VALOR_DS,VIGENCIA_HASTA_DT,BORRADO_FL) VALUES (@paramId,@rs_combinada,'MIN_ANTIGUEDAD',    'NUMBER','12',                   NULL,0);
  SET @paramId += 1; INSERT INTO dbo.MRO_MOTORPARAM (MOTORPARAM_ID,MOTOROFERTA_ID,PARAM_KEY_CD,TIPO_VALOR_CD,VALOR_DS,VIGENCIA_HASTA_DT,BORRADO_FL) VALUES (@paramId,@rs_combinada,'MAX_EDAD',          'NUMBER','40',                   NULL,0);
  SET @paramId += 1; INSERT INTO dbo.MRO_MOTORPARAM (MOTORPARAM_ID,MOTOROFERTA_ID,PARAM_KEY_CD,TIPO_VALOR_CD,VALOR_DS,VIGENCIA_HASTA_DT,BORRADO_FL) VALUES (@paramId,@rs_combinada,'MIN_PLAZO',         'NUMBER','36',                   NULL,0);
  SET @paramId += 1; INSERT INTO dbo.MRO_MOTORPARAM (MOTORPARAM_ID,MOTOROFERTA_ID,PARAM_KEY_CD,TIPO_VALOR_CD,VALOR_DS,VIGENCIA_HASTA_DT,BORRADO_FL) VALUES (@paramId,@rs_combinada,'MAX_PLAZO',         'NUMBER','40',                   NULL,0);
  SET @paramId += 1; INSERT INTO dbo.MRO_MOTORPARAM (MOTORPARAM_ID,MOTOROFERTA_ID,PARAM_KEY_CD,TIPO_VALOR_CD,VALOR_DS,VIGENCIA_HASTA_DT,BORRADO_FL) VALUES (@paramId,@rs_combinada,'MIN_LTV_EXCLUSIVE', 'NUMBER','0.80',                 NULL,0);
  SET @paramId += 1; INSERT INTO dbo.MRO_MOTORPARAM (MOTORPARAM_ID,MOTOROFERTA_ID,PARAM_KEY_CD,TIPO_VALOR_CD,VALOR_DS,VIGENCIA_HASTA_DT,BORRADO_FL) VALUES (@paramId,@rs_combinada,'MAX_LTV',           'NUMBER','0.90',                 NULL,0);
  SET @paramId += 1; INSERT INTO dbo.MRO_MOTORPARAM (MOTORPARAM_ID,MOTOROFERTA_ID,PARAM_KEY_CD,TIPO_VALOR_CD,VALOR_DS,VIGENCIA_HASTA_DT,BORRADO_FL) VALUES (@paramId,@rs_combinada,'MIN_HIPOTECA',      'NUMBER','50000',                NULL,0);
  SET @paramId += 1; INSERT INTO dbo.MRO_MOTORPARAM (MOTORPARAM_ID,MOTOROFERTA_ID,PARAM_KEY_CD,TIPO_VALOR_CD,VALOR_DS,VIGENCIA_HASTA_DT,BORRADO_FL) VALUES (@paramId,@rs_combinada,'MAX_HIPOTECA',      'NUMBER','1500000',              NULL,0);
  SET @paramId += 1; INSERT INTO dbo.MRO_MOTORPARAM (MOTORPARAM_ID,MOTOROFERTA_ID,PARAM_KEY_CD,TIPO_VALOR_CD,VALOR_DS,VIGENCIA_HASTA_DT,BORRADO_FL) VALUES (@paramId,@rs_combinada,'MIN_INGRESOS_1T',   'NUMBER','2700',                 NULL,0);
  SET @paramId += 1; INSERT INTO dbo.MRO_MOTORPARAM (MOTORPARAM_ID,MOTOROFERTA_ID,PARAM_KEY_CD,TIPO_VALOR_CD,VALOR_DS,VIGENCIA_HASTA_DT,BORRADO_FL) VALUES (@paramId,@rs_combinada,'MIN_INGRESOS_2T',   'NUMBER','3700',                 NULL,0);
  SET @paramId += 1; INSERT INTO dbo.MRO_MOTORPARAM (MOTORPARAM_ID,MOTOROFERTA_ID,PARAM_KEY_CD,TIPO_VALOR_CD,VALOR_DS,VIGENCIA_HASTA_DT,BORRADO_FL) VALUES (@paramId,@rs_combinada,'EDAD_PLAZO',        'NUMBER','75',                   NULL,0);
  SET @paramId += 1; INSERT INTO dbo.MRO_MOTORPARAM (MOTORPARAM_ID,MOTOROFERTA_ID,PARAM_KEY_CD,TIPO_VALOR_CD,VALOR_DS,VIGENCIA_HASTA_DT,BORRADO_FL) VALUES (@paramId,@rs_combinada,'TIPO_ALTA_ADMITIDAS','JSON',  '["NOVACION","CAPTACION"]',NULL,0);

  -- ── PROMOCION_HC (12 params) ───────────────
  SET @paramId += 1; INSERT INTO dbo.MRO_MOTORPARAM (MOTORPARAM_ID,MOTOROFERTA_ID,PARAM_KEY_CD,TIPO_VALOR_CD,VALOR_DS,VIGENCIA_HASTA_DT,BORRADO_FL) VALUES (@paramId,@rs_mejor_precio_av,'MIN_ANTIGUEDAD',    'NUMBER','12',                   NULL,0);
  SET @paramId += 1; INSERT INTO dbo.MRO_MOTORPARAM (MOTORPARAM_ID,MOTOROFERTA_ID,PARAM_KEY_CD,TIPO_VALOR_CD,VALOR_DS,VIGENCIA_HASTA_DT,BORRADO_FL) VALUES (@paramId,@rs_mejor_precio_av,'MAX_EDAD',          'NUMBER','45',                   NULL,0);
  SET @paramId += 1; INSERT INTO dbo.MRO_MOTORPARAM (MOTORPARAM_ID,MOTOROFERTA_ID,PARAM_KEY_CD,TIPO_VALOR_CD,VALOR_DS,VIGENCIA_HASTA_DT,BORRADO_FL) VALUES (@paramId,@rs_mejor_precio_av,'MIN_PLAZO',         'NUMBER','5',                    NULL,0);
  SET @paramId += 1; INSERT INTO dbo.MRO_MOTORPARAM (MOTORPARAM_ID,MOTOROFERTA_ID,PARAM_KEY_CD,TIPO_VALOR_CD,VALOR_DS,VIGENCIA_HASTA_DT,BORRADO_FL) VALUES (@paramId,@rs_mejor_precio_av,'MAX_PLAZO',         'NUMBER','35',                   NULL,0);
  SET @paramId += 1; INSERT INTO dbo.MRO_MOTORPARAM (MOTORPARAM_ID,MOTOROFERTA_ID,PARAM_KEY_CD,TIPO_VALOR_CD,VALOR_DS,VIGENCIA_HASTA_DT,BORRADO_FL) VALUES (@paramId,@rs_mejor_precio_av,'MIN_LTV_EXCLUSIVE', 'NUMBER','0',                    NULL,0);
  SET @paramId += 1; INSERT INTO dbo.MRO_MOTORPARAM (MOTORPARAM_ID,MOTOROFERTA_ID,PARAM_KEY_CD,TIPO_VALOR_CD,VALOR_DS,VIGENCIA_HASTA_DT,BORRADO_FL) VALUES (@paramId,@rs_mejor_precio_av,'MAX_LTV',           'NUMBER','0.80',                 NULL,0);
  SET @paramId += 1; INSERT INTO dbo.MRO_MOTORPARAM (MOTORPARAM_ID,MOTOROFERTA_ID,PARAM_KEY_CD,TIPO_VALOR_CD,VALOR_DS,VIGENCIA_HASTA_DT,BORRADO_FL) VALUES (@paramId,@rs_mejor_precio_av,'MIN_HIPOTECA',      'NUMBER','50000',                NULL,0);
  SET @paramId += 1; INSERT INTO dbo.MRO_MOTORPARAM (MOTORPARAM_ID,MOTOROFERTA_ID,PARAM_KEY_CD,TIPO_VALOR_CD,VALOR_DS,VIGENCIA_HASTA_DT,BORRADO_FL) VALUES (@paramId,@rs_mejor_precio_av,'MAX_HIPOTECA',      'NUMBER','2000000',              NULL,0);
  SET @paramId += 1; INSERT INTO dbo.MRO_MOTORPARAM (MOTORPARAM_ID,MOTOROFERTA_ID,PARAM_KEY_CD,TIPO_VALOR_CD,VALOR_DS,VIGENCIA_HASTA_DT,BORRADO_FL) VALUES (@paramId,@rs_mejor_precio_av,'MIN_INGRESOS_1T',   'NUMBER','2500',                 NULL,0);
  SET @paramId += 1; INSERT INTO dbo.MRO_MOTORPARAM (MOTORPARAM_ID,MOTOROFERTA_ID,PARAM_KEY_CD,TIPO_VALOR_CD,VALOR_DS,VIGENCIA_HASTA_DT,BORRADO_FL) VALUES (@paramId,@rs_mejor_precio_av,'MIN_INGRESOS_2T',   'NUMBER','3500',                 NULL,0);
  SET @paramId += 1; INSERT INTO dbo.MRO_MOTORPARAM (MOTORPARAM_ID,MOTOROFERTA_ID,PARAM_KEY_CD,TIPO_VALOR_CD,VALOR_DS,VIGENCIA_HASTA_DT,BORRADO_FL) VALUES (@paramId,@rs_mejor_precio_av,'EDAD_PLAZO',        'NUMBER','75',                   NULL,0);
  SET @paramId += 1; INSERT INTO dbo.MRO_MOTORPARAM (MOTORPARAM_ID,MOTOROFERTA_ID,PARAM_KEY_CD,TIPO_VALOR_CD,VALOR_DS,VIGENCIA_HASTA_DT,BORRADO_FL) VALUES (@paramId,@rs_mejor_precio_av,'TIPO_ALTA_ADMITIDAS','JSON',  '["NOVACION","CAPTACION"]',NULL,0);

  -- ──────────────────────────────────────────────────────────────
  -- 3. REGLAS — FIDELIZACION
  -- ──────────────────────────────────────────────────────────────
  DECLARE @ruleId INT = 0;
  DECLARE @condId INT = 0;
  DECLARE @actnId INT = 0;
  DECLARE @r      INT;

  -- FIDELIZACION R1. INIT Rechazo: neg. Antiguedad/Domiciliacion
  SET @ruleId += 1; SET @r = @ruleId;
  INSERT INTO dbo.MRO_MOTORREGLA (MOTORREGLA_ID,MOTOROFERTA_ID,MOTORREGLA_DS,PRIORIDAD_NM,BORRADO_FL,VIGENCIA_DESDE_DT,VIGENCIA_HASTA_DT,PARAR_PROCESO_FL)
  VALUES (@r,@rs_clientes,N'INIT Rechazo: neg. Antiguedad/Domiciliacion',1000,0,@VF,NULL,0);
  SET @condId += 1; INSERT INTO dbo.MRO_MOTORCONDICION (MOTORCONDICION_ID,MOTORREGLA_ID,GRUPO_CONDICION_CD,CAMPO_CD,OPERADOR_CD,TIPO_VALOR_CD,VALOR1_DS,VALOR2_DS) VALUES (@condId,@r,'0','stage',                 'EQ',      'STRING','INIT',                NULL);
  SET @condId += 1; INSERT INTO dbo.MRO_MOTORCONDICION (MOTORCONDICION_ID,MOTORREGLA_ID,GRUPO_CONDICION_CD,CAMPO_CD,OPERADOR_CD,TIPO_VALOR_CD,VALOR1_DS,VALOR2_DS) VALUES (@condId,@r,'0','ANTIGUEDAD_T1_NM',      'LE',      'NUMBER','PARAM:MIN_ANTIGUEDAD',NULL);
  SET @condId += 1; INSERT INTO dbo.MRO_MOTORCONDICION (MOTORCONDICION_ID,MOTORREGLA_ID,GRUPO_CONDICION_CD,CAMPO_CD,OPERADOR_CD,TIPO_VALOR_CD,VALOR1_DS,VALOR2_DS) VALUES (@condId,@r,'0','DOMICILIA_NOMINA_T1_FL','IS_FALSE','BOOL',  '',                   NULL);
  SET @condId += 1; INSERT INTO dbo.MRO_MOTORCONDICION (MOTORCONDICION_ID,MOTORREGLA_ID,GRUPO_CONDICION_CD,CAMPO_CD,OPERADOR_CD,TIPO_VALOR_CD,VALOR1_DS,VALOR2_DS) VALUES (@condId,@r,'1','stage',                 'EQ',      'STRING','INIT',                NULL);
  SET @condId += 1; INSERT INTO dbo.MRO_MOTORCONDICION (MOTORCONDICION_ID,MOTORREGLA_ID,GRUPO_CONDICION_CD,CAMPO_CD,OPERADOR_CD,TIPO_VALOR_CD,VALOR1_DS,VALOR2_DS) VALUES (@condId,@r,'1','ANTIGUEDAD_T2_NM',      'LE',      'NUMBER','PARAM:MIN_ANTIGUEDAD',NULL);
  SET @condId += 1; INSERT INTO dbo.MRO_MOTORCONDICION (MOTORCONDICION_ID,MOTORREGLA_ID,GRUPO_CONDICION_CD,CAMPO_CD,OPERADOR_CD,TIPO_VALOR_CD,VALOR1_DS,VALOR2_DS) VALUES (@condId,@r,'1','DOMICILIA_NOMINA_T2_FL','IS_FALSE','BOOL',  '',                   NULL);
  SET @actnId += 1; INSERT INTO dbo.MRO_MOTORACCION (MOTORACCION_ID,MOTORREGLA_ID,TIPO_ACCION_CD,CAMPO_CD,VALOR_DS,TIPO_VALOR_CD) VALUES (@actnId,@r,'SET',   'INIT_RECHAZADA_FL','true',                'BOOL');
  SET @actnId += 1; INSERT INTO dbo.MRO_MOTORACCION (MOTORACCION_ID,MOTORREGLA_ID,TIPO_ACCION_CD,CAMPO_CD,VALOR_DS,TIPO_VALOR_CD) VALUES (@actnId,@r,'APPEND','MOTIVOS',           '{"code":"ANTIGUEDAD"}','JSON');

  -- FIDELIZACION R2. INIT Decision: INIT_ELEGIBLE_FL
  SET @ruleId += 1; SET @r = @ruleId;
  INSERT INTO dbo.MRO_MOTORREGLA (MOTORREGLA_ID,MOTOROFERTA_ID,MOTORREGLA_DS,PRIORIDAD_NM,BORRADO_FL,VIGENCIA_DESDE_DT,VIGENCIA_HASTA_DT,PARAR_PROCESO_FL)
  VALUES (@r,@rs_clientes,N'INIT Decision: INIT_ELEGIBLE_FL',10,0,@VF,NULL,1);
  SET @condId += 1; INSERT INTO dbo.MRO_MOTORCONDICION (MOTORCONDICION_ID,MOTORREGLA_ID,GRUPO_CONDICION_CD,CAMPO_CD,OPERADOR_CD,TIPO_VALOR_CD,VALOR1_DS,VALOR2_DS) VALUES (@condId,@r,'0','stage',            'EQ',      'STRING','INIT',NULL);
  SET @condId += 1; INSERT INTO dbo.MRO_MOTORCONDICION (MOTORCONDICION_ID,MOTORREGLA_ID,GRUPO_CONDICION_CD,CAMPO_CD,OPERADOR_CD,TIPO_VALOR_CD,VALOR1_DS,VALOR2_DS) VALUES (@condId,@r,'0','INIT_RECHAZADA_FL','IS_FALSE','BOOL',  '',    NULL);
  SET @actnId += 1; INSERT INTO dbo.MRO_MOTORACCION (MOTORACCION_ID,MOTORREGLA_ID,TIPO_ACCION_CD,CAMPO_CD,VALOR_DS,TIPO_VALOR_CD) VALUES (@actnId,@r,'SET','INIT_ELEGIBLE_FL','true','BOOL');
  -- SOLICITAR_DATOS_INTERVINIENTES: la UI debe pedir datos de intervinientes
  SET @actnId += 1; INSERT INTO dbo.MRO_MOTORACCION (MOTORACCION_ID,MOTORREGLA_ID,TIPO_ACCION_CD,CAMPO_CD,VALOR_DS,TIPO_VALOR_CD) VALUES (@actnId,@r,'SET','SOLICITAR_DATOS_INTERVINIENTES','false','BOOL');

  -- FIDELIZACION R3. PRE Decision: PRE_ELEGIBLE_FL
  SET @ruleId += 1; SET @r = @ruleId;
  INSERT INTO dbo.MRO_MOTORREGLA (MOTORREGLA_ID,MOTOROFERTA_ID,MOTORREGLA_DS,PRIORIDAD_NM,BORRADO_FL,VIGENCIA_DESDE_DT,VIGENCIA_HASTA_DT,PARAR_PROCESO_FL)
  VALUES (@r,@rs_clientes,N'PRE Decision: PRE_ELEGIBLE_FL',10,0,@VF,NULL,1);
  SET @condId += 1; INSERT INTO dbo.MRO_MOTORCONDICION (MOTORCONDICION_ID,MOTORREGLA_ID,GRUPO_CONDICION_CD,CAMPO_CD,OPERADOR_CD,TIPO_VALOR_CD,VALOR1_DS,VALOR2_DS) VALUES (@condId,@r,'0','stage',           'EQ',      'STRING','PRE',NULL);
  SET @condId += 1; INSERT INTO dbo.MRO_MOTORCONDICION (MOTORCONDICION_ID,MOTORREGLA_ID,GRUPO_CONDICION_CD,CAMPO_CD,OPERADOR_CD,TIPO_VALOR_CD,VALOR1_DS,VALOR2_DS) VALUES (@condId,@r,'0','PRE_RECHAZADA_FL','IS_FALSE','BOOL',  '',   NULL);
  SET @actnId += 1; INSERT INTO dbo.MRO_MOTORACCION (MOTORACCION_ID,MOTORREGLA_ID,TIPO_ACCION_CD,CAMPO_CD,VALOR_DS,TIPO_VALOR_CD) VALUES (@actnId,@r,'SET','PRE_ELEGIBLE_FL',   'true',    'BOOL');
  -- SOLICITAR_DATOS_INTERVINIENTES: la UI debe pedir datos de intervinientes
  SET @actnId += 1; INSERT INTO dbo.MRO_MOTORACCION (MOTORACCION_ID,MOTORREGLA_ID,TIPO_ACCION_CD,CAMPO_CD,VALOR_DS,TIPO_VALOR_CD) VALUES (@actnId,@r,'SET','SOLICITAR_DATOS_INTERVINIENTES','false','BOOL');
  SET @actnId += 1; INSERT INTO dbo.MRO_MOTORACCION (MOTORACCION_ID,MOTORREGLA_ID,TIPO_ACCION_CD,CAMPO_CD,VALOR_DS,TIPO_VALOR_CD) VALUES (@actnId,@r,'SET','OFERTA_GANADORA_CD','FIDELIZACION','STRING');

  -- FIDELIZACION R4. FINAL Decision: NO elegible
  SET @ruleId += 1; SET @r = @ruleId;
  INSERT INTO dbo.MRO_MOTORREGLA (MOTORREGLA_ID,MOTOROFERTA_ID,MOTORREGLA_DS,PRIORIDAD_NM,BORRADO_FL,VIGENCIA_DESDE_DT,VIGENCIA_HASTA_DT,PARAR_PROCESO_FL)
  VALUES (@r,@rs_clientes,N'FINAL Decision: NO elegible',10,0,@VF,NULL,1);
  SET @condId += 1; INSERT INTO dbo.MRO_MOTORCONDICION (MOTORCONDICION_ID,MOTORREGLA_ID,GRUPO_CONDICION_CD,CAMPO_CD,OPERADOR_CD,TIPO_VALOR_CD,VALOR1_DS,VALOR2_DS) VALUES (@condId,@r,'0','stage',       'EQ',     'STRING','FINAL',NULL);
  SET @condId += 1; INSERT INTO dbo.MRO_MOTORCONDICION (MOTORCONDICION_ID,MOTORREGLA_ID,GRUPO_CONDICION_CD,CAMPO_CD,OPERADOR_CD,TIPO_VALOR_CD,VALOR1_DS,VALOR2_DS) VALUES (@condId,@r,'0','RECHAZADA_FL','IS_TRUE','BOOL',  '',    NULL);
  SET @actnId += 1; INSERT INTO dbo.MRO_MOTORACCION (MOTORACCION_ID,MOTORREGLA_ID,TIPO_ACCION_CD,CAMPO_CD,VALOR_DS,TIPO_VALOR_CD) VALUES (@actnId,@r,'SET','ELEGIBLE_FL',       'false',   'BOOL');
  SET @actnId += 1; INSERT INTO dbo.MRO_MOTORACCION (MOTORACCION_ID,MOTORREGLA_ID,TIPO_ACCION_CD,CAMPO_CD,VALOR_DS,TIPO_VALOR_CD) VALUES (@actnId,@r,'SET','OFERTA_GANADORA_CD','FIDELIZACION','STRING');

  -- FIDELIZACION R5. FINAL Decision: ELEGIBLE
  SET @ruleId += 1; SET @r = @ruleId;
  INSERT INTO dbo.MRO_MOTORREGLA (MOTORREGLA_ID,MOTOROFERTA_ID,MOTORREGLA_DS,PRIORIDAD_NM,BORRADO_FL,VIGENCIA_DESDE_DT,VIGENCIA_HASTA_DT,PARAR_PROCESO_FL)
  VALUES (@r,@rs_clientes,N'FINAL Decision: ELEGIBLE',1,0,@VF,NULL,1);
  SET @condId += 1; INSERT INTO dbo.MRO_MOTORCONDICION (MOTORCONDICION_ID,MOTORREGLA_ID,GRUPO_CONDICION_CD,CAMPO_CD,OPERADOR_CD,TIPO_VALOR_CD,VALOR1_DS,VALOR2_DS) VALUES (@condId,@r,'0','stage',       'EQ',      'STRING','FINAL',NULL);
  SET @condId += 1; INSERT INTO dbo.MRO_MOTORCONDICION (MOTORCONDICION_ID,MOTORREGLA_ID,GRUPO_CONDICION_CD,CAMPO_CD,OPERADOR_CD,TIPO_VALOR_CD,VALOR1_DS,VALOR2_DS) VALUES (@condId,@r,'0','RECHAZADA_FL','IS_FALSE','BOOL',  '',    NULL);
  SET @actnId += 1; INSERT INTO dbo.MRO_MOTORACCION (MOTORACCION_ID,MOTORREGLA_ID,TIPO_ACCION_CD,CAMPO_CD,VALOR_DS,TIPO_VALOR_CD) VALUES (@actnId,@r,'SET','ELEGIBLE_FL',       'true',    'BOOL');
  -- SOLICITAR_DATOS_INTERVINIENTES: la UI debe pedir datos de intervinientes
  SET @actnId += 1; INSERT INTO dbo.MRO_MOTORACCION (MOTORACCION_ID,MOTORREGLA_ID,TIPO_ACCION_CD,CAMPO_CD,VALOR_DS,TIPO_VALOR_CD) VALUES (@actnId,@r,'SET','SOLICITAR_DATOS_INTERVINIENTES','false','BOOL');
  SET @actnId += 1; INSERT INTO dbo.MRO_MOTORACCION (MOTORACCION_ID,MOTORREGLA_ID,TIPO_ACCION_CD,CAMPO_CD,VALOR_DS,TIPO_VALOR_CD) VALUES (@actnId,@r,'SET','OFERTA_GANADORA_CD','FIDELIZACION','STRING');

  -- ──────────────────────────────────────────────────────────────
  -- 4. REGLAS
  --    Los contadores se pasan como OUTPUT para mantener continuidad.
  --    Al entrar: @ruleId=5, @condId=13, @actnId=9
  -- ──────────────────────────────────────────────────────────────
  EXEC #ins_joven_rules @rs_alto_ltv,        'ALTO_RIESGO',                 @ruleId OUTPUT, @condId OUTPUT, @actnId OUTPUT;
  EXEC #ins_joven_rules @rs_mejor_precio,    'PROMOCION',             @ruleId OUTPUT, @condId OUTPUT, @actnId OUTPUT;
  EXEC #ins_joven_rules @rs_alto_plazo,      'LARGO_PLAZO',               @ruleId OUTPUT, @condId OUTPUT, @actnId OUTPUT;
  EXEC #ins_joven_rules @rs_combinada,       'ULTRA_ALTO_RIESGO',                @ruleId OUTPUT, @condId OUTPUT, @actnId OUTPUT;
  EXEC #ins_joven_rules @rs_mejor_precio_av, 'PROMOCION_HC',  @ruleId OUTPUT, @condId OUTPUT, @actnId OUTPUT;

  COMMIT TRANSACTION;
  PRINT 'OK: transaccion completada correctamente.';

END TRY
BEGIN CATCH
  IF @@TRANCOUNT > 0
    ROLLBACK TRANSACTION;
  PRINT 'ERROR en linea ' + CAST(ERROR_LINE() AS NVARCHAR) + ': ' + ERROR_MESSAGE();
  THROW;
END CATCH

-- ──────────────────────────────────────────────────────────────
-- 5. VERIFICACION RAPIDA
--    Valores esperados:
--      ULTRA_ALTO_RIESGO             
--      ALTO_RIESGO                
--      LARGO_PLAZO              
--      PROMOCION_HC 
--      PROMOCION            
--      FIDELIZACION                      
-- ──────────────────────────────────────────────────────────────
SELECT
  h.OFERTA_CD       AS oferta,
  rs.OFERTA_RANK_NM AS rank,
  (SELECT COUNT(*) FROM dbo.MRO_MOTORREGLA r
   WHERE r.MOTOROFERTA_ID = rs.MOTOROFERTA_ID)                                     AS num_reglas,
  (SELECT COUNT(*) FROM dbo.MRO_MOTORCONDICION c
   JOIN dbo.MRO_MOTORREGLA r ON r.MOTORREGLA_ID = c.MOTORREGLA_ID
   WHERE r.MOTOROFERTA_ID = rs.MOTOROFERTA_ID)                                     AS num_condiciones,
  (SELECT COUNT(*) FROM dbo.MRO_MOTORACCION a
   JOIN dbo.MRO_MOTORREGLA r ON r.MOTORREGLA_ID = a.MOTORREGLA_ID
   WHERE r.MOTOROFERTA_ID = rs.MOTOROFERTA_ID)                                     AS num_acciones,
  (SELECT COUNT(*) FROM dbo.MRO_MOTORPARAM p
   WHERE p.MOTOROFERTA_ID = rs.MOTOROFERTA_ID)                                     AS num_params
FROM dbo.MRO_MOTOROFERTA rs
JOIN HIPO_OFERTA h ON h.OFERTA_ID = rs.OFERTA_ID
ORDER BY rs.OFERTA_RANK_NM DESC;
